Employees	Employers	Parks	Live	Work
0.9250298	0.6943716	0.55982167	8529	24457
