Jobs	Housing	Open Spc.	Living	Working	#Jobs
0.6538726	0.49666494	0.8352516	10686	5187	6349
