Jobs	Housing	Open Spc.	Living	Working	#Jobs
0.9161499	0.5414543	0.13422132	55980	27175	45758
