Jobs	Housing	Open Spc.	Living	Working	#Jobs
0.81830066	0.5462035	0.5850144	9131	4432	6518
