Jobs	Housing	Open Spc.	Living	Working	#Jobs
0.82242805	0.54167473	0.59269935	9131	4432	6518
