Jobs	Housing	Open Spc.	Living	Working	#Jobs
0.64464474	0.48606265	0.0	5871	2850	3619
