Jobs	Housing	Open Spc.	Living	Working	#Jobs
0.9645532	0.49102524	0.09229226	44221	21467	43671
