Jobs	Housing	Open Spc.	Living	Working	#Jobs
0.83862036	0.5355149	0.5715658	9131	4432	6518
