Jobs	Housing	Open Spc.	Living	Working	#Jobs
0.6786379	0.4800501	0.79634964	9131	4432	6518
