Jobs	Housing	Open Spc.	Living	Working	#Jobs
0.8307639	0.536605	0.5917387	9131	4432	6518
