Jobs	Housing	Open Spc.	Living	Working	#Jobs
0.45506895	0.49536726	0.0	5410	2626	2769
