Jobs	Housing	Open Spc.	Living	Working	#Jobs
0.913159	0.5399839	0.13290398	55980	27175	45758
