Jobs	Employees	Parks	Live	Work
0.927198	0.54706025	0.13963701	13252	45104
