Jobs	Housing	Open Spc.	Living	Working	#Jobs
0.83028704	0.5449597	0.5840538	9131	4432	6518
