Jobs	Employees	Parks	Live	Work
0.9985092	0.47547397	0.0	375	1676
