Jobs	Housing	Open Spc.	Living	Working	#Jobs
0.45809218	0.49252033	0.0	5410	2626	2769
