Jobs	Housing	Open Spc.	Living	Working	#Jobs
0.9168688	0.54177004	0.1269028	55980	27175	45758
