Employee Access	Employer Access	Park Access	Live	Work
0.9558258	0.52998495	0.30887187	9854	38590
