Jobs	Housing	Open Spc.	Living	Working	#Jobs
0.69968134	0.4735736	0.80211335	9131	4432	6518
