Jobs	Housing	Open Spc.	Living	Working	#Jobs
0.9368763	0.6678161	0.17478731	7130	3461	5278
