Jobs	Employees	Parks	Live	Work
0.24713685	0.3025066	0.0	18117	38361
