Jobs	Housing	Open Spc.	Living	Working	#Jobs
0.96175253	0.6624514	0.17868514	7353	3569	5453
