Jobs	Housing	Open Spc.	Living	Working	#Jobs
0.9161931	0.5413809	0.13158666	55980	27175	45758
