Jobs	Housing	Open Spc.	Living	Working	#Jobs
0.9965531	0.21169563	0.0	2065	1002	4705
