Jobs	Housing	Open Spc.	Living	Working	#Jobs
0.90376455	0.21334156	0.56493884	3039	1475	5834
