Jobs	Employees	Parks	Live	Work
0.53196955	0.87137276	0.0656168	4137	6349
