Jobs	Housing	Open Spc.	Living	Working	#Jobs
0.9668419	0.53874826	0.07309746	46491	22569	42099
