Jobs	Housing	Open Spc.	Living	Working	#Jobs
0.6929384	0.37498572	0.60352343	3696	1794	3000
